{
  "selected_features": [
    12,
    13,
    16,
    23,
    24,
    33,
    34,
    37,
    39,
    42,
    43,
    44,
    49,
    50,
    51,
    56,
    57,
    58,
    60,
    70,
    71,
    72,
    76,
    82,
    91,
    92,
    93,
    95,
    99,
    101
  ],
  "ensemble_accuracy": 0.32142857142857145,
  "original_accuracy": 0.42857142857142855,
  "models_used": [
    "RandomForest",
    "LightGBM",
    "XGBoost",
    "SVM",
    "LogisticRegression"
  ],
  "balancing_method": "SMOTE+ENN"
}