Model,Accuracy,ROC AUC,CV Mean,CV Std
Voting Classifier (Hard),0.75,,0.7502164502164502,0.019145752716446713
Voting Classifier (Soft),0.75,0.034013605442176874,0.7502164502164502,0.019145752716446713
Bagging Ensemble,0.5357142857142857,0.006802721088435376,0.6017316017316017,0.0751677720960404
AdaBoost Ensemble,0.42857142857142855,0.21428571428571427,0.4424242424242424,0.0950568917658068
