{
  "selected_features": [
    12,
    13,
    16,
    23,
    24,
    33,
    34,
    37,
    39,
    42,
    43,
    44,
    49,
    50,
    51,
    56,
    57,
    58,
    60,
    70,
    71,
    72,
    76,
    82,
    91,
    92,
    93,
    95,
    99,
    101
  ],
  "class_weights": [
    2.0,
    0.6666666666666666
  ],
  "training_accuracy": 0.17857142857142858,
  "original_accuracy": 0.0
}